ano,especie_original,especie_limpa,is_tilapia,arquivo,aba
2010,apaiar,apaiar,FALSE,Rendimento 2010.xlsx,Plan1
2010,armado,armado,FALSE,Rendimento 2010.xlsx,Plan1
2010,bafric,bafric,FALSE,Rendimento 2010.xlsx,Plan1
2010,bagre,bagre,FALSE,Rendimento 2010.xlsx,Plan1
2010,barbad,barbad,FALSE,Rendimento 2010.xlsx,Plan1
2010,bocudo,bocudo,FALSE,Rendimento 2010.xlsx,Plan1
2010,cara,cara,FALSE,Rendimento 2010.xlsx,Plan1
2010,carpa,carpa,FALSE,Rendimento 2010.xlsx,Plan1
2010,cascud,cascud,FALSE,Rendimento 2010.xlsx,Plan1
2010,chinel,chinel,FALSE,Rendimento 2010.xlsx,Plan1
2010,cpreto,cpreto,FALSE,Rendimento 2010.xlsx,Plan1
2010,curimb,curimb,FALSE,Rendimento 2010.xlsx,Plan1
2010,curvin,curvin,FALSE,Rendimento 2010.xlsx,Plan1
2010,dcacho,dcacho,FALSE,Rendimento 2010.xlsx,Plan1
2010,dourad,dourad,FALSE,Rendimento 2010.xlsx,Plan1
2010,jau,jau,FALSE,Rendimento 2010.xlsx,Plan1
2010,jurupo,jurupo,FALSE,Rendimento 2010.xlsx,Plan1
2010,lbaixa,lbaixa,FALSE,Rendimento 2010.xlsx,Plan1
2010,lingua,lingua,FALSE,Rendimento 2010.xlsx,Plan1
2010,mandi,mandi,FALSE,Rendimento 2010.xlsx,Plan1
2010,moreni,moreni,FALSE,Rendimento 2010.xlsx,Plan1
2010,morrud,morrud,FALSE,Rendimento 2010.xlsx,Plan1
2010,outros,outros,FALSE,Rendimento 2010.xlsx,Plan1
2010,pacu,pacu,FALSE,Rendimento 2010.xlsx,Plan1
2010,palome,palome,FALSE,Rendimento 2010.xlsx,Plan1
2010,pespad,pespad,FALSE,Rendimento 2010.xlsx,Plan1
2010,piapar,piapar,FALSE,Rendimento 2010.xlsx,Plan1
2010,piau,piau,FALSE,Rendimento 2010.xlsx,Plan1
2010,piavuc,piavuc,FALSE,Rendimento 2010.xlsx,Plan1
2010,pintad,pintad,FALSE,Rendimento 2010.xlsx,Plan1
2010,piraca,piraca,FALSE,Rendimento 2010.xlsx,Plan1
2010,piranh,piranh,FALSE,Rendimento 2010.xlsx,Plan1
2010,pmoca,pmoca,FALSE,Rendimento 2010.xlsx,Plan1
2010,raia,raia,FALSE,Rendimento 2010.xlsx,Plan1
2010,saican,saican,FALSE,Rendimento 2010.xlsx,Plan1
2010,sardin,sardin,FALSE,Rendimento 2010.xlsx,Plan1
2010,slima,slima,FALSE,Rendimento 2010.xlsx,Plan1
2010,tilapi,tilapi,TRUE,Rendimento 2010.xlsx,Plan1
2010,traira,traira,FALSE,Rendimento 2010.xlsx,Plan1
2010,tucuna,tucuna,FALSE,Rendimento 2010.xlsx,Plan1
2012,Apaiar,apaiar,FALSE,Rendimento 2012.xlsx,Plan1
2012,apaiar,apaiar,FALSE,Rendimento 2012.xlsx,Plan1
2012,armado,armado,FALSE,Rendimento 2012.xlsx,Plan1
2012,barbad,barbad,FALSE,Rendimento 2012.xlsx,Plan1
2012,bocudo,bocudo,FALSE,Rendimento 2012.xlsx,Plan1
2012,cara,cara,FALSE,Rendimento 2012.xlsx,Plan1
2012,carpa,carpa,FALSE,Rendimento 2012.xlsx,Plan1
2012,cascud,cascud,FALSE,Rendimento 2012.xlsx,Plan1
2012,curimb,curimb,FALSE,Rendimento 2012.xlsx,Plan1
2012,curvin,curvin,FALSE,Rendimento 2012.xlsx,Plan1
2012,dcach,dcach,FALSE,Rendimento 2012.xlsx,Plan1
2012,dcacho,dcacho,FALSE,Rendimento 2012.xlsx,Plan1
2012,dourad,dourad,FALSE,Rendimento 2012.xlsx,Plan1
2012,jau,jau,FALSE,Rendimento 2012.xlsx,Plan1
2012,lbaixa,lbaixa,FALSE,Rendimento 2012.xlsx,Plan1
2012,lingua,lingua,FALSE,Rendimento 2012.xlsx,Plan1
2012,mandi,mandi,FALSE,Rendimento 2012.xlsx,Plan1
2012,outros,outros,FALSE,Rendimento 2012.xlsx,Plan1
2012,pacu,pacu,FALSE,Rendimento 2012.xlsx,Plan1
2012,piapar,piapar,FALSE,Rendimento 2012.xlsx,Plan1
2012,piau,piau,FALSE,Rendimento 2012.xlsx,Plan1
2012,piavuc,piavuc,FALSE,Rendimento 2012.xlsx,Plan1
2012,pintad,pintad,FALSE,Rendimento 2012.xlsx,Plan1
2012,Pintad,pintad,FALSE,Rendimento 2012.xlsx,Plan1
2012,piraca,piraca,FALSE,Rendimento 2012.xlsx,Plan1
2012,piranh,piranh,FALSE,Rendimento 2012.xlsx,Plan1
2012,pmoca,pmoca,FALSE,Rendimento 2012.xlsx,Plan1
2012,raia,raia,FALSE,Rendimento 2012.xlsx,Plan1
2012,sardin,sardin,FALSE,Rendimento 2012.xlsx,Plan1
2012,sardinh,sardinh,FALSE,Rendimento 2012.xlsx,Plan1
2012,surubi,surubi,FALSE,Rendimento 2012.xlsx,Plan1
2012,tilapi,tilapi,TRUE,Rendimento 2012.xlsx,Plan1
2012,traira,traira,FALSE,Rendimento 2012.xlsx,Plan1
2012,tucuna,tucuna,FALSE,Rendimento 2012.xlsx,Plan1
2013,apaiar,apaiar,FALSE,Rendimento 2013.xlsx,Plan1
2013,armad,armad,FALSE,Rendimento 2013.xlsx,Plan1
2013,armado,armado,FALSE,Rendimento 2013.xlsx,Plan1
2013,barbad,barbad,FALSE,Rendimento 2013.xlsx,Plan1
2013,bocud,bocud,FALSE,Rendimento 2013.xlsx,Plan1
2013,bocudo,bocudo,FALSE,Rendimento 2013.xlsx,Plan1
2013,cara,cara,FALSE,Rendimento 2013.xlsx,Plan1
2013,carpa,carpa,FALSE,Rendimento 2013.xlsx,Plan1
2013,cascud,cascud,FALSE,Rendimento 2013.xlsx,Plan1
2013,curimb,curimb,FALSE,Rendimento 2013.xlsx,Plan1
2013,curimba,curimba,FALSE,Rendimento 2013.xlsx,Plan1
2013,curvin,curvin,FALSE,Rendimento 2013.xlsx,Plan1
2013,dcach,dcach,FALSE,Rendimento 2013.xlsx,Plan1
2013,dcacho,dcacho,FALSE,Rendimento 2013.xlsx,Plan1
2013,dourad,dourad,FALSE,Rendimento 2013.xlsx,Plan1
2013,jau,jau,FALSE,Rendimento 2013.xlsx,Plan1
2013,lingua,lingua,FALSE,Rendimento 2013.xlsx,Plan1
2013,mandi,mandi,FALSE,Rendimento 2013.xlsx,Plan1
2013,outros,outros,FALSE,Rendimento 2013.xlsx,Plan1
2013,pacu,pacu,FALSE,Rendimento 2013.xlsx,Plan1
2013,perna,perna,FALSE,Rendimento 2013.xlsx,Plan1
2013,piapar,piapar,FALSE,Rendimento 2013.xlsx,Plan1
2013,piapara,piapara,FALSE,Rendimento 2013.xlsx,Plan1
2013,piau,piau,FALSE,Rendimento 2013.xlsx,Plan1
2013,piauçu,piaucu,FALSE,Rendimento 2013.xlsx,Plan1
2013,piavuc,piavuc,FALSE,Rendimento 2013.xlsx,Plan1
2013,pintad,pintad,FALSE,Rendimento 2013.xlsx,Plan1
2013,pintado,pintado,FALSE,Rendimento 2013.xlsx,Plan1
2013,piraca,piraca,FALSE,Rendimento 2013.xlsx,Plan1
2013,piranh,piranh,FALSE,Rendimento 2013.xlsx,Plan1
2013,pmoca,pmoca,FALSE,Rendimento 2013.xlsx,Plan1
2013,raia,raia,FALSE,Rendimento 2013.xlsx,Plan1
2013,sardi,sardi,FALSE,Rendimento 2013.xlsx,Plan1
2013,sardin,sardin,FALSE,Rendimento 2013.xlsx,Plan1
2013,surub,surub,FALSE,Rendimento 2013.xlsx,Plan1
2013,surubi,surubi,FALSE,Rendimento 2013.xlsx,Plan1
2013,tilapi,tilapi,TRUE,Rendimento 2013.xlsx,Plan1
2013,traira,traira,FALSE,Rendimento 2013.xlsx,Plan1
2013,tucuna,tucuna,FALSE,Rendimento 2013.xlsx,Plan1
2013,NA,NA,NA,Rendimento 2013.xlsx,Plan1
2015,acrass,acrass,FALSE,Rendimento 2015.xlsx,Janeiro 2015
2015,agenei,agenei,FALSE,Rendimento 2015.xlsx,Janeiro 2015
2015,aosteom,aosteom,FALSE,Rendimento 2015.xlsx,Janeiro 2015
2015,armad,armad,FALSE,Rendimento 2015.xlsx,Janeiro 2015
2015,baloneta,baloneta,FALSE,Rendimento 2015.xlsx,Janeiro 2015
2015,banani,banani,FALSE,Rendimento 2015.xlsx,Janeiro 2015
2015,barbad,barbad,FALSE,Rendimento 2015.xlsx,Janeiro 2015
2015,bocudo,bocudo,FALSE,Rendimento 2015.xlsx,Janeiro 2015
2015,bryconsp,bryconsp,FALSE,Rendimento 2015.xlsx,Janeiro 2015
2015,cara,cara,FALSE,Rendimento 2015.xlsx,Janeiro 2015
2015,carpa,carpa,FALSE,Rendimento 2015.xlsx,Janeiro 2015
2015,cascu,cascu,FALSE,Rendimento 2015.xlsx,Janeiro 2015
2015,cascud,cascud,FALSE,Rendimento 2015.xlsx,Janeiro 2015
2015,ccarpi,ccarpi,FALSE,Rendimento 2015.xlsx,Janeiro 2015
2015,cichla,cichla,FALSE,Rendimento 2015.xlsx,Janeiro 2015
2015,cjenyn,cjenyn,FALSE,Rendimento 2015.xlsx,Janeiro 2015
2015,curimb,curimb,FALSE,Rendimento 2015.xlsx,Janeiro 2015
2015,curvin,curvin,FALSE,Rendimento 2015.xlsx,Janeiro 2015
2015,dcach,dcach,FALSE,Rendimento 2015.xlsx,Janeiro 2015
2015,douraca,douraca,FALSE,Rendimento 2015.xlsx,Janeiro 2015
2015,dourad,dourad,FALSE,Rendimento 2015.xlsx,Janeiro 2015
2015,feroiz,feroiz,FALSE,Rendimento 2015.xlsx,Janeiro 2015
2015,hedent,hedent,FALSE,Rendimento 2015.xlsx,Janeiro 2015
2015,hoplsp,hoplsp,FALSE,Rendimento 2015.xlsx,Janeiro 2015
2015,horto,horto,FALSE,Rendimento 2015.xlsx,Janeiro 2015
2015,hypossp,hypossp,FALSE,Rendimento 2015.xlsx,Janeiro 2015
2015,jau,jau,FALSE,Rendimento 2015.xlsx,Janeiro 2015
2015,laetac,laetac,FALSE,Rendimento 2015.xlsx,Janeiro 2015
2015,lelong,lelong,FALSE,Rendimento 2015.xlsx,Janeiro 2015
2015,leporinsp,leporinsp,FALSE,Rendimento 2015.xlsx,Janeiro 2015
2015,ligua,ligua,FALSE,Rendimento 2015.xlsx,Janeiro 2015
2015,lingua,lingua,FALSE,Rendimento 2015.xlsx,Janeiro 2015
2015,linguad,linguad,FALSE,Rendimento 2015.xlsx,Janeiro 2015
2015,lmacro,lmacro,FALSE,Rendimento 2015.xlsx,Janeiro 2015
2015,luzbai,luzbai,FALSE,Rendimento 2015.xlsx,Janeiro 2015
2015,luzbaixa,luzbaixa,FALSE,Rendimento 2015.xlsx,Janeiro 2015
2015,mandi,mandi,FALSE,Rendimento 2015.xlsx,Janeiro 2015
2015,onilot,onilot,FALSE,Rendimento 2015.xlsx,Janeiro 2015
2015,outros,outros,FALSE,Rendimento 2015.xlsx,Janeiro 2015
2015,pacu,pacu,FALSE,Rendimento 2015.xlsx,Janeiro 2015
2015,palmit,palmit,FALSE,Rendimento 2015.xlsx,Janeiro 2015
2015,pcorru,pcorru,FALSE,Rendimento 2015.xlsx,Janeiro 2015
2015,perna,perna,FALSE,Rendimento 2015.xlsx,Janeiro 2015
2015,pgranu,pgranu,FALSE,Rendimento 2015.xlsx,Janeiro 2015
2015,piapar,piapar,FALSE,Rendimento 2015.xlsx,Janeiro 2015
2015,piau,piau,FALSE,Rendimento 2015.xlsx,Janeiro 2015
2015,piauçu,piaucu,FALSE,Rendimento 2015.xlsx,Janeiro 2015
2015,pimelosp,pimelosp,FALSE,Rendimento 2015.xlsx,Janeiro 2015
2015,pintad,pintad,FALSE,Rendimento 2015.xlsx,Janeiro 2015
2015,pintado,pintado,FALSE,Rendimento 2015.xlsx,Janeiro 2015
2015,piraca,piraca,FALSE,Rendimento 2015.xlsx,Janeiro 2015
2015,piracanj,piracanj,FALSE,Rendimento 2015.xlsx,Janeiro 2015
2015,piracanjub,piracanjub,FALSE,Rendimento 2015.xlsx,Janeiro 2015
2015,piranh,piranh,FALSE,Rendimento 2015.xlsx,Janeiro 2015
2015,piranha,piranha,FALSE,Rendimento 2015.xlsx,Janeiro 2015
2015,plagsp,plagsp,FALSE,Rendimento 2015.xlsx,Janeiro 2015
2015,plinea,plinea,FALSE,Rendimento 2015.xlsx,Janeiro 2015
2015,pmesop,pmesop,FALSE,Rendimento 2015.xlsx,Janeiro 2015
2015,potamo,potamo,FALSE,Rendimento 2015.xlsx,Janeiro 2015
2015,ppirin,ppirin,FALSE,Rendimento 2015.xlsx,Janeiro 2015
2015,raia,raia,FALSE,Rendimento 2015.xlsx,Janeiro 2015
2015,rvulpi,rvulpi,FALSE,Rendimento 2015.xlsx,Janeiro 2015
2015,sardi,sardi,FALSE,Rendimento 2015.xlsx,Janeiro 2015
2015,sardin,sardin,FALSE,Rendimento 2015.xlsx,Janeiro 2015
2015,sbrasi,sbrasi,FALSE,Rendimento 2015.xlsx,Janeiro 2015
2015,serrasp,serrasp,FALSE,Rendimento 2015.xlsx,Janeiro 2015
2015,slima,slima,FALSE,Rendimento 2015.xlsx,Janeiro 2015
2015,surub,surub,FALSE,Rendimento 2015.xlsx,Janeiro 2015
2015,surubi,surubi,FALSE,Rendimento 2015.xlsx,Janeiro 2015
2015,surubin,surubin,FALSE,Rendimento 2015.xlsx,Janeiro 2015
2015,tilapi,tilapi,TRUE,Rendimento 2015.xlsx,Janeiro 2015
2015,tilápi,tilapi,TRUE,Rendimento 2015.xlsx,Janeiro 2015
2015,tilapia,tilapia,TRUE,Rendimento 2015.xlsx,Janeiro 2015
2015,tipapi,tipapi,FALSE,Rendimento 2015.xlsx,Janeiro 2015
2015,Total,total,FALSE,Rendimento 2015.xlsx,Janeiro 2015
2015,traia,traia,FALSE,Rendimento 2015.xlsx,Janeiro 2015
2015,traira,traira,FALSE,Rendimento 2015.xlsx,Janeiro 2015
2015,tucuna,tucuna,FALSE,Rendimento 2015.xlsx,Janeiro 2015
2015,zzungar,zzungar,FALSE,Rendimento 2015.xlsx,Janeiro 2015
2015,NA,NA,NA,Rendimento 2015.xlsx,Janeiro 2015
2016,armad,armad,FALSE,Rendimento 2016.xlsx,Março 2016
2016,barbad,barbad,FALSE,Rendimento 2016.xlsx,Março 2016
2016,bocudo,bocudo,FALSE,Rendimento 2016.xlsx,Março 2016
2016,cara,cara,FALSE,Rendimento 2016.xlsx,Março 2016
2016,carpa,carpa,FALSE,Rendimento 2016.xlsx,Março 2016
2016,cascud,cascud,FALSE,Rendimento 2016.xlsx,Março 2016
2016,curimb,curimb,FALSE,Rendimento 2016.xlsx,Março 2016
2016,curvin,curvin,FALSE,Rendimento 2016.xlsx,Março 2016
2016,dcach,dcach,FALSE,Rendimento 2016.xlsx,Março 2016
2016,dourad,dourad,FALSE,Rendimento 2016.xlsx,Março 2016
2016,jau,jau,FALSE,Rendimento 2016.xlsx,Março 2016
2016,lingua,lingua,FALSE,Rendimento 2016.xlsx,Março 2016
2016,mandi,mandi,FALSE,Rendimento 2016.xlsx,Março 2016
2016,outros,outros,FALSE,Rendimento 2016.xlsx,Março 2016
2016,pacu,pacu,FALSE,Rendimento 2016.xlsx,Março 2016
2016,perna,perna,FALSE,Rendimento 2016.xlsx,Março 2016
2016,piapar,piapar,FALSE,Rendimento 2016.xlsx,Março 2016
2016,piau,piau,FALSE,Rendimento 2016.xlsx,Março 2016
2016,piavuc,piavuc,FALSE,Rendimento 2016.xlsx,Março 2016
2016,pintad,pintad,FALSE,Rendimento 2016.xlsx,Março 2016
2016,piracanj,piracanj,FALSE,Rendimento 2016.xlsx,Março 2016
2016,piranh,piranh,FALSE,Rendimento 2016.xlsx,Março 2016
2016,raia,raia,FALSE,Rendimento 2016.xlsx,Março 2016
2016,sardi,sardi,FALSE,Rendimento 2016.xlsx,Março 2016
2016,surub,surub,FALSE,Rendimento 2016.xlsx,Março 2016
2016,tilapi,tilapi,TRUE,Rendimento 2016.xlsx,Março 2016
2016,traira,traira,FALSE,Rendimento 2016.xlsx,Março 2016
2016,tucuna,tucuna,FALSE,Rendimento 2016.xlsx,Março 2016
2017,armad,armad,FALSE,Rendimento 2017.xlsx,Rendimento 2017
2017,barbad,barbad,FALSE,Rendimento 2017.xlsx,Rendimento 2017
2017,bocudo,bocudo,FALSE,Rendimento 2017.xlsx,Rendimento 2017
2017,cara,cara,FALSE,Rendimento 2017.xlsx,Rendimento 2017
2017,carpa,carpa,FALSE,Rendimento 2017.xlsx,Rendimento 2017
2017,cascud,cascud,FALSE,Rendimento 2017.xlsx,Rendimento 2017
2017,curimb,curimb,FALSE,Rendimento 2017.xlsx,Rendimento 2017
2017,curvin,curvin,FALSE,Rendimento 2017.xlsx,Rendimento 2017
2017,dcach,dcach,FALSE,Rendimento 2017.xlsx,Rendimento 2017
2017,dourad,dourad,FALSE,Rendimento 2017.xlsx,Rendimento 2017
2017,jau,jau,FALSE,Rendimento 2017.xlsx,Rendimento 2017
2017,lingua,lingua,FALSE,Rendimento 2017.xlsx,Rendimento 2017
2017,mandi,mandi,FALSE,Rendimento 2017.xlsx,Rendimento 2017
2017,morenita,morenita,FALSE,Rendimento 2017.xlsx,Rendimento 2017
2017,outros,outros,FALSE,Rendimento 2017.xlsx,Rendimento 2017
2017,pacu,pacu,FALSE,Rendimento 2017.xlsx,Rendimento 2017
2017,perna,perna,FALSE,Rendimento 2017.xlsx,Rendimento 2017
2017,piapar,piapar,FALSE,Rendimento 2017.xlsx,Rendimento 2017
2017,piau,piau,FALSE,Rendimento 2017.xlsx,Rendimento 2017
2017,piavuc,piavuc,FALSE,Rendimento 2017.xlsx,Rendimento 2017
2017,pintad,pintad,FALSE,Rendimento 2017.xlsx,Rendimento 2017
2017,piraca,piraca,FALSE,Rendimento 2017.xlsx,Rendimento 2017
2017,piranh,piranh,FALSE,Rendimento 2017.xlsx,Rendimento 2017
2017,raia,raia,FALSE,Rendimento 2017.xlsx,Rendimento 2017
2017,sardin,sardin,FALSE,Rendimento 2017.xlsx,Rendimento 2017
2017,surub,surub,FALSE,Rendimento 2017.xlsx,Rendimento 2017
2017,tilapi,tilapi,TRUE,Rendimento 2017.xlsx,Rendimento 2017
2017,traira,traira,FALSE,Rendimento 2017.xlsx,Rendimento 2017
2017,tucuna,tucuna,FALSE,Rendimento 2017.xlsx,Rendimento 2017
2018,Armado,armado,FALSE,Rendimento 2018.xlsx,Plan1
2018,Barbado,barbado,FALSE,Rendimento 2018.xlsx,Plan1
2018,Bocudo,bocudo,FALSE,Rendimento 2018.xlsx,Plan1
2018,Cara,cara,FALSE,Rendimento 2018.xlsx,Plan1
2018,Carpa,carpa,FALSE,Rendimento 2018.xlsx,Plan1
2018,Cascudo,cascudo,FALSE,Rendimento 2018.xlsx,Plan1
2018,Corvina,corvina,FALSE,Rendimento 2018.xlsx,Plan1
2018,Curimba,curimba,FALSE,Rendimento 2018.xlsx,Plan1
2018,Curvina,curvina,FALSE,Rendimento 2018.xlsx,Plan1
2018,D. Cachorro,d. cachorro,FALSE,Rendimento 2018.xlsx,Plan1
2018,Dourado,dourado,FALSE,Rendimento 2018.xlsx,Plan1
2018,Jau,jau,FALSE,Rendimento 2018.xlsx,Plan1
2018,Linguado,linguado,FALSE,Rendimento 2018.xlsx,Plan1
2018,Mandi,mandi,FALSE,Rendimento 2018.xlsx,Plan1
2018,Morenita,morenita,FALSE,Rendimento 2018.xlsx,Plan1
2018,Outros,outros,FALSE,Rendimento 2018.xlsx,Plan1
2018,Pacu,pacu,FALSE,Rendimento 2018.xlsx,Plan1
2018,Palmito,palmito,FALSE,Rendimento 2018.xlsx,Plan1
2018,Perna de moça,perna de moca,FALSE,Rendimento 2018.xlsx,Plan1
2018,Piapara,piapara,FALSE,Rendimento 2018.xlsx,Plan1
2018,Piau,piau,FALSE,Rendimento 2018.xlsx,Plan1
2018,Piavussu,piavussu,FALSE,Rendimento 2018.xlsx,Plan1
2018,Pintado,pintado,FALSE,Rendimento 2018.xlsx,Plan1
2018,Piracanjuba,piracanjuba,FALSE,Rendimento 2018.xlsx,Plan1
2018,Piranha,piranha,FALSE,Rendimento 2018.xlsx,Plan1
2018,Raia,raia,FALSE,Rendimento 2018.xlsx,Plan1
2018,Sardinha,sardinha,FALSE,Rendimento 2018.xlsx,Plan1
2018,Surubim,surubim,FALSE,Rendimento 2018.xlsx,Plan1
2018,Surumanha,surumanha,FALSE,Rendimento 2018.xlsx,Plan1
2018,surumanha,surumanha,FALSE,Rendimento 2018.xlsx,Plan1
2018,Tilápia,tilapia,TRUE,Rendimento 2018.xlsx,Plan1
2018,Traíra,traira,FALSE,Rendimento 2018.xlsx,Plan1
2018,Tucunaré,tucunare,FALSE,Rendimento 2018.xlsx,Plan1
2019,Armado,armado,FALSE,Rendimento 2019.xlsx,Banco de dados 2019
2019,Barbado,barbado,FALSE,Rendimento 2019.xlsx,Banco de dados 2019
2019,Bocudo,bocudo,FALSE,Rendimento 2019.xlsx,Banco de dados 2019
2019,Cará,cara,FALSE,Rendimento 2019.xlsx,Banco de dados 2019
2019,Carpa,carpa,FALSE,Rendimento 2019.xlsx,Banco de dados 2019
2019,Cascudo,cascudo,FALSE,Rendimento 2019.xlsx,Banco de dados 2019
2019,Corvina,corvina,FALSE,Rendimento 2019.xlsx,Banco de dados 2019
2019,Curimba,curimba,FALSE,Rendimento 2019.xlsx,Banco de dados 2019
2019,curimba,curimba,FALSE,Rendimento 2019.xlsx,Banco de dados 2019
2019,D. Cachorro,d. cachorro,FALSE,Rendimento 2019.xlsx,Banco de dados 2019
2019,Dourado,dourado,FALSE,Rendimento 2019.xlsx,Banco de dados 2019
2019,Jaú,jau,FALSE,Rendimento 2019.xlsx,Banco de dados 2019
2019,Linguado,linguado,FALSE,Rendimento 2019.xlsx,Banco de dados 2019
2019,Mandi,mandi,FALSE,Rendimento 2019.xlsx,Banco de dados 2019
2019,Outros,outros,FALSE,Rendimento 2019.xlsx,Banco de dados 2019
2019,Pacu,pacu,FALSE,Rendimento 2019.xlsx,Banco de dados 2019
2019,Perna de moça,perna de moca,FALSE,Rendimento 2019.xlsx,Banco de dados 2019
2019,Perna de Moça,perna de moca,FALSE,Rendimento 2019.xlsx,Banco de dados 2019
2019,Piapara,piapara,FALSE,Rendimento 2019.xlsx,Banco de dados 2019
2019,Piau,piau,FALSE,Rendimento 2019.xlsx,Banco de dados 2019
2019,Piavussu,piavussu,FALSE,Rendimento 2019.xlsx,Banco de dados 2019
2019,Pintado,pintado,FALSE,Rendimento 2019.xlsx,Banco de dados 2019
2019,Piracanjuba,piracanjuba,FALSE,Rendimento 2019.xlsx,Banco de dados 2019
2019,Piranha,piranha,FALSE,Rendimento 2019.xlsx,Banco de dados 2019
2019,Raia,raia,FALSE,Rendimento 2019.xlsx,Banco de dados 2019
2019,Sardinha,sardinha,FALSE,Rendimento 2019.xlsx,Banco de dados 2019
2019,Surubim,surubim,FALSE,Rendimento 2019.xlsx,Banco de dados 2019
2019,Surumanha,surumanha,FALSE,Rendimento 2019.xlsx,Banco de dados 2019
2019,Tilápia,tilapia,TRUE,Rendimento 2019.xlsx,Banco de dados 2019
2019,Traíra,traira,FALSE,Rendimento 2019.xlsx,Banco de dados 2019
2019,traíra,traira,FALSE,Rendimento 2019.xlsx,Banco de dados 2019
2019,Tucunaré,tucunare,FALSE,Rendimento 2019.xlsx,Banco de dados 2019
2020,Armado,armado,FALSE,Rendimento 2020.xlsx,BD
2020,Barbado,barbado,FALSE,Rendimento 2020.xlsx,BD
2020,Bocudo,bocudo,FALSE,Rendimento 2020.xlsx,BD
2020,Cará,cara,FALSE,Rendimento 2020.xlsx,BD
2020,cará,cara,FALSE,Rendimento 2020.xlsx,BD
2020,Carpa,carpa,FALSE,Rendimento 2020.xlsx,BD
2020,Cascudo,cascudo,FALSE,Rendimento 2020.xlsx,BD
2020,cascudo,cascudo,FALSE,Rendimento 2020.xlsx,BD
2020,Corvina,corvina,FALSE,Rendimento 2020.xlsx,BD
2020,Curimba,curimba,FALSE,Rendimento 2020.xlsx,BD
2020,D. Cachorro,d. cachorro,FALSE,Rendimento 2020.xlsx,BD
2020,Dourado,dourado,FALSE,Rendimento 2020.xlsx,BD
2020,Jaú,jau,FALSE,Rendimento 2020.xlsx,BD
2020,Linguado,linguado,FALSE,Rendimento 2020.xlsx,BD
2020,Mandi,mandi,FALSE,Rendimento 2020.xlsx,BD
2020,Outros,outros,FALSE,Rendimento 2020.xlsx,BD
2020,outros,outros,FALSE,Rendimento 2020.xlsx,BD
2020,Pacu,pacu,FALSE,Rendimento 2020.xlsx,BD
2020,Perna de moça,perna de moca,FALSE,Rendimento 2020.xlsx,BD
2020,Perna de Moça,perna de moca,FALSE,Rendimento 2020.xlsx,BD
2020,Piapara,piapara,FALSE,Rendimento 2020.xlsx,BD
2020,Piau,piau,FALSE,Rendimento 2020.xlsx,BD
2020,piau,piau,FALSE,Rendimento 2020.xlsx,BD
2020,Piavussu,piavussu,FALSE,Rendimento 2020.xlsx,BD
2020,Pintado,pintado,FALSE,Rendimento 2020.xlsx,BD
2020,Piracanjuba,piracanjuba,FALSE,Rendimento 2020.xlsx,BD
2020,Piranha,piranha,FALSE,Rendimento 2020.xlsx,BD
2020,piranha,piranha,FALSE,Rendimento 2020.xlsx,BD
2020,Raia,raia,FALSE,Rendimento 2020.xlsx,BD
2020,Sardinha,sardinha,FALSE,Rendimento 2020.xlsx,BD
2020,Surubim,surubim,FALSE,Rendimento 2020.xlsx,BD
2020,surubim,surubim,FALSE,Rendimento 2020.xlsx,BD
2020,Surumanha,surumanha,FALSE,Rendimento 2020.xlsx,BD
2020,Tilápia,tilapia,TRUE,Rendimento 2020.xlsx,BD
2020,Traíra,traira,FALSE,Rendimento 2020.xlsx,BD
2020,Tucunaré,tucunare,FALSE,Rendimento 2020.xlsx,BD
2021,Armado,armado,FALSE,Rendimento 2021.xlsm,BD
2021,Barbado,barbado,FALSE,Rendimento 2021.xlsm,BD
2021,Bocudo,bocudo,FALSE,Rendimento 2021.xlsm,BD
2021,Cará,cara,FALSE,Rendimento 2021.xlsm,BD
2021,Carpa,carpa,FALSE,Rendimento 2021.xlsm,BD
2021,Cascudo,cascudo,FALSE,Rendimento 2021.xlsm,BD
2021,Corvina,corvina,FALSE,Rendimento 2021.xlsm,BD
2021,Curimba,curimba,FALSE,Rendimento 2021.xlsm,BD
2021,Dourado,dourado,FALSE,Rendimento 2021.xlsm,BD
2021,Dourado Cachorro,dourado cachorro,FALSE,Rendimento 2021.xlsm,BD
2021,Jaú,jau,FALSE,Rendimento 2021.xlsm,BD
2021,Linguado,linguado,FALSE,Rendimento 2021.xlsm,BD
2021,Mandi,mandi,FALSE,Rendimento 2021.xlsm,BD
2021,Outros,outros,FALSE,Rendimento 2021.xlsm,BD
2021,Pacu,pacu,FALSE,Rendimento 2021.xlsm,BD
2021,Perna de moça,perna de moca,FALSE,Rendimento 2021.xlsm,BD
2021,Piapara,piapara,FALSE,Rendimento 2021.xlsm,BD
2021,Piau,piau,FALSE,Rendimento 2021.xlsm,BD
2021,Piavussu,piavussu,FALSE,Rendimento 2021.xlsm,BD
2021,Pintado,pintado,FALSE,Rendimento 2021.xlsm,BD
2021,Piracanjuba,piracanjuba,FALSE,Rendimento 2021.xlsm,BD
2021,Piranha,piranha,FALSE,Rendimento 2021.xlsm,BD
2021,Raia,raia,FALSE,Rendimento 2021.xlsm,BD
2021,Sardinha,sardinha,FALSE,Rendimento 2021.xlsm,BD
2021,Surubim,surubim,FALSE,Rendimento 2021.xlsm,BD
2021,Surumanha,surumanha,FALSE,Rendimento 2021.xlsm,BD
2021,Tilápia,tilapia,TRUE,Rendimento 2021.xlsm,BD
2021,Traíra,traira,FALSE,Rendimento 2021.xlsm,BD
2021,Tucunaré,tucunare,FALSE,Rendimento 2021.xlsm,BD
2022,Armado,armado,FALSE,Rendimento 2022.xlsm,BD
2022,Barbado,barbado,FALSE,Rendimento 2022.xlsm,BD
2022,Bocudo,bocudo,FALSE,Rendimento 2022.xlsm,BD
2022,Cará,cara,FALSE,Rendimento 2022.xlsm,BD
2022,Carpa,carpa,FALSE,Rendimento 2022.xlsm,BD
2022,Cascudo,cascudo,FALSE,Rendimento 2022.xlsm,BD
2022,Corvina,corvina,FALSE,Rendimento 2022.xlsm,BD
2022,Curimba,curimba,FALSE,Rendimento 2022.xlsm,BD
2022,Dourado,dourado,FALSE,Rendimento 2022.xlsm,BD
2022,Dourado Cachorro,dourado cachorro,FALSE,Rendimento 2022.xlsm,BD
2022,Jaú,jau,FALSE,Rendimento 2022.xlsm,BD
2022,Linguado,linguado,FALSE,Rendimento 2022.xlsm,BD
2022,Mandi,mandi,FALSE,Rendimento 2022.xlsm,BD
2022,Outros,outros,FALSE,Rendimento 2022.xlsm,BD
2022,Pacu,pacu,FALSE,Rendimento 2022.xlsm,BD
2022,Perna de moça,perna de moca,FALSE,Rendimento 2022.xlsm,BD
2022,Piapara,piapara,FALSE,Rendimento 2022.xlsm,BD
2022,Piau,piau,FALSE,Rendimento 2022.xlsm,BD
2022,Piavussu,piavussu,FALSE,Rendimento 2022.xlsm,BD
2022,Pintado,pintado,FALSE,Rendimento 2022.xlsm,BD
2022,Piracanjuba,piracanjuba,FALSE,Rendimento 2022.xlsm,BD
2022,Piranha,piranha,FALSE,Rendimento 2022.xlsm,BD
2022,Raia,raia,FALSE,Rendimento 2022.xlsm,BD
2022,Sardinha,sardinha,FALSE,Rendimento 2022.xlsm,BD
2022,Surubim,surubim,FALSE,Rendimento 2022.xlsm,BD
2022,Surumanha,surumanha,FALSE,Rendimento 2022.xlsm,BD
2022,Tilápia,tilapia,TRUE,Rendimento 2022.xlsm,BD
2022,Traíra,traira,FALSE,Rendimento 2022.xlsm,BD
2022,Tucunaré,tucunare,FALSE,Rendimento 2022.xlsm,BD
2023,Armado,armado,FALSE,Rendimento 2023.xlsm,Banco de dados 2023
2023,Barbado,barbado,FALSE,Rendimento 2023.xlsm,Banco de dados 2023
2023,Bocudo,bocudo,FALSE,Rendimento 2023.xlsm,Banco de dados 2023
2023,Cará,cara,FALSE,Rendimento 2023.xlsm,Banco de dados 2023
2023,Carpa,carpa,FALSE,Rendimento 2023.xlsm,Banco de dados 2023
2023,Cascudo,cascudo,FALSE,Rendimento 2023.xlsm,Banco de dados 2023
2023,Corvina,corvina,FALSE,Rendimento 2023.xlsm,Banco de dados 2023
2023,Curimba,curimba,FALSE,Rendimento 2023.xlsm,Banco de dados 2023
2023,Dourado,dourado,FALSE,Rendimento 2023.xlsm,Banco de dados 2023
2023,Dourado Cachorro,dourado cachorro,FALSE,Rendimento 2023.xlsm,Banco de dados 2023
2023,Jaú,jau,FALSE,Rendimento 2023.xlsm,Banco de dados 2023
2023,Linguado,linguado,FALSE,Rendimento 2023.xlsm,Banco de dados 2023
2023,Mandi,mandi,FALSE,Rendimento 2023.xlsm,Banco de dados 2023
2023,Outros,outros,FALSE,Rendimento 2023.xlsm,Banco de dados 2023
2023,Pacu,pacu,FALSE,Rendimento 2023.xlsm,Banco de dados 2023
2023,Perna de Moça,perna de moca,FALSE,Rendimento 2023.xlsm,Banco de dados 2023
2023,Piapara,piapara,FALSE,Rendimento 2023.xlsm,Banco de dados 2023
2023,Piau,piau,FALSE,Rendimento 2023.xlsm,Banco de dados 2023
2023,Piauçu,piaucu,FALSE,Rendimento 2023.xlsm,Banco de dados 2023
2023,Pintado,pintado,FALSE,Rendimento 2023.xlsm,Banco de dados 2023
2023,Piracanjuba,piracanjuba,FALSE,Rendimento 2023.xlsm,Banco de dados 2023
2023,Piranha,piranha,FALSE,Rendimento 2023.xlsm,Banco de dados 2023
2023,Raia,raia,FALSE,Rendimento 2023.xlsm,Banco de dados 2023
2023,Sardinha,sardinha,FALSE,Rendimento 2023.xlsm,Banco de dados 2023
2023,Surubim,surubim,FALSE,Rendimento 2023.xlsm,Banco de dados 2023
2023,Surumanha,surumanha,FALSE,Rendimento 2023.xlsm,Banco de dados 2023
2023,Tilápia,tilapia,TRUE,Rendimento 2023.xlsm,Banco de dados 2023
2023,TOTAL,total,FALSE,Rendimento 2023.xlsm,Banco de dados 2023
2023,Traíra,traira,FALSE,Rendimento 2023.xlsm,Banco de dados 2023
2023,Tucunaré,tucunare,FALSE,Rendimento 2023.xlsm,Banco de dados 2023
2023,NA,NA,NA,Rendimento 2023.xlsm,Banco de dados 2023
2024,Armado,armado,FALSE,Rendimento 2024.xlsx,Banco de dados
2024,Bananinha,bananinha,FALSE,Rendimento 2024.xlsx,Banco de dados
2024,Barbado,barbado,FALSE,Rendimento 2024.xlsx,Banco de dados
2024,Bocudo,bocudo,FALSE,Rendimento 2024.xlsx,Banco de dados
2024,Cará,cara,FALSE,Rendimento 2024.xlsx,Banco de dados
2024,Carpa,carpa,FALSE,Rendimento 2024.xlsx,Banco de dados
2024,Cascudo,cascudo,FALSE,Rendimento 2024.xlsx,Banco de dados
2024,Corvina,corvina,FALSE,Rendimento 2024.xlsx,Banco de dados
2024,Curimba,curimba,FALSE,Rendimento 2024.xlsx,Banco de dados
2024,Dourado,dourado,FALSE,Rendimento 2024.xlsx,Banco de dados
2024,Dourado Cachorro,dourado cachorro,FALSE,Rendimento 2024.xlsx,Banco de dados
2024,Jaú,jau,FALSE,Rendimento 2024.xlsx,Banco de dados
2024,Linguado,linguado,FALSE,Rendimento 2024.xlsx,Banco de dados
2024,Luz baixa,luz baixa,FALSE,Rendimento 2024.xlsx,Banco de dados
2024,Mandi,mandi,FALSE,Rendimento 2024.xlsx,Banco de dados
2024,Outros,outros,FALSE,Rendimento 2024.xlsx,Banco de dados
2024,Pacu,pacu,FALSE,Rendimento 2024.xlsx,Banco de dados
2024,Perna de moça,perna de moca,FALSE,Rendimento 2024.xlsx,Banco de dados
2024,Piapara,piapara,FALSE,Rendimento 2024.xlsx,Banco de dados
2024,Piau,piau,FALSE,Rendimento 2024.xlsx,Banco de dados
2024,Piauçu,piaucu,FALSE,Rendimento 2024.xlsx,Banco de dados
2024,Pintado,pintado,FALSE,Rendimento 2024.xlsx,Banco de dados
2024,Piracanjuba,piracanjuba,FALSE,Rendimento 2024.xlsx,Banco de dados
2024,Piranha,piranha,FALSE,Rendimento 2024.xlsx,Banco de dados
2024,Raia,raia,FALSE,Rendimento 2024.xlsx,Banco de dados
2024,Surubim,surubim,FALSE,Rendimento 2024.xlsx,Banco de dados
2024,Tilápia,tilapia,TRUE,Rendimento 2024.xlsx,Banco de dados
2024,Traíra,traira,FALSE,Rendimento 2024.xlsx,Banco de dados
2024,Tucunaré,tucunare,FALSE,Rendimento 2024.xlsx,Banco de dados
2024,NA,NA,NA,Rendimento 2024.xlsx,Banco de dados
2025,Armado,armado,FALSE,Rendimento 2025.xlsx,Banco de dados
2025,Bananinha,bananinha,FALSE,Rendimento 2025.xlsx,Banco de dados
2025,Barbado,barbado,FALSE,Rendimento 2025.xlsx,Banco de dados
2025,Bocudo,bocudo,FALSE,Rendimento 2025.xlsx,Banco de dados
2025,Cará,cara,FALSE,Rendimento 2025.xlsx,Banco de dados
2025,Carpa,carpa,FALSE,Rendimento 2025.xlsx,Banco de dados
2025,Cascudo,cascudo,FALSE,Rendimento 2025.xlsx,Banco de dados
2025,Corvina,corvina,FALSE,Rendimento 2025.xlsx,Banco de dados
2025,Curimba,curimba,FALSE,Rendimento 2025.xlsx,Banco de dados
2025,Dourado,dourado,FALSE,Rendimento 2025.xlsx,Banco de dados
2025,Dourado cachorro,dourado cachorro,FALSE,Rendimento 2025.xlsx,Banco de dados
2025,Jaú,jau,FALSE,Rendimento 2025.xlsx,Banco de dados
2025,Linguado,linguado,FALSE,Rendimento 2025.xlsx,Banco de dados
2025,Luz baixa,luz baixa,FALSE,Rendimento 2025.xlsx,Banco de dados
2025,Mandi,mandi,FALSE,Rendimento 2025.xlsx,Banco de dados
2025,Outros,outros,FALSE,Rendimento 2025.xlsx,Banco de dados
2025,Pacu,pacu,FALSE,Rendimento 2025.xlsx,Banco de dados
2025,Perna de moça,perna de moca,FALSE,Rendimento 2025.xlsx,Banco de dados
2025,Piapara,piapara,FALSE,Rendimento 2025.xlsx,Banco de dados
2025,Piau,piau,FALSE,Rendimento 2025.xlsx,Banco de dados
2025,Piauçu,piaucu,FALSE,Rendimento 2025.xlsx,Banco de dados
2025,Pintado,pintado,FALSE,Rendimento 2025.xlsx,Banco de dados
2025,Piracanjuba,piracanjuba,FALSE,Rendimento 2025.xlsx,Banco de dados
2025,Piranha,piranha,FALSE,Rendimento 2025.xlsx,Banco de dados
2025,Raia,raia,FALSE,Rendimento 2025.xlsx,Banco de dados
2025,Surubim,surubim,FALSE,Rendimento 2025.xlsx,Banco de dados
2025,Tilápia,tilapia,TRUE,Rendimento 2025.xlsx,Banco de dados
2025,Traíra,traira,FALSE,Rendimento 2025.xlsx,Banco de dados
2025,Tucunaré,tucunare,FALSE,Rendimento 2025.xlsx,Banco de dados
